Название кресла,Цена,Скидка %,Ссылка на кресло
Кресло Витио Velvet Silver,21990,8%,https://www.divan.ruhttps://www.divan.ru/sankt-peterburg/product/kreslo-vitio-velvet-silver
Кресло Витио Velvet Yellow,21990,8%,https://www.divan.ruhttps://www.divan.ru/sankt-peterburg/product/kreslo-vitio-velvet-yellow-new
Кресло Витио Velvet Mint,21990,8%,https://www.divan.ruhttps://www.divan.ru/sankt-peterburg/product/kreslo-vitio-velvet-mint
Кресло Витио Velvet Milk,21990,8%,https://www.divan.ruhttps://www.divan.ru/sankt-peterburg/product/kreslo-vitio-velvet-milk
Кресло Витио Velvet Violet,21990,8%,https://www.divan.ruhttps://www.divan.ru/sankt-peterburg/product/kreslo-vitio-velvet-violet
Кресло Витио Bucle White,28990,6%,https://www.divan.ruhttps://www.divan.ru/sankt-peterburg/product/kreslo-vitio-bucle-white
Кресло Витио Velvet Coral,21990,8%,https://www.divan.ruhttps://www.divan.ru/sankt-peterburg/product/kreslo-vitio-velvet-coral
Кресло Тилар Textile Navy Blue,22990,8%,https://www.divan.ruhttps://www.divan.ru/sankt-peterburg/product/kreslo-tilar-textile-navy-blue
Кресло Тилар Textile Grey,22990,8%,https://www.divan.ruhttps://www.divan.ru/sankt-peterburg/product/kreslo-tilar-textile-grey
Кресло Тилар Cozy Milk,22990,8%,https://www.divan.ruhttps://www.divan.ru/sankt-peterburg/product/kreslo-tilar-cozy-milk
Кресло Тилар Textile Beige,22990,8%,https://www.divan.ruhttps://www.divan.ru/sankt-peterburg/product/kreslo-tilar-textile-beige
Кресло Тилар Textile Grafit,22990,8%,https://www.divan.ruhttps://www.divan.ru/sankt-peterburg/product/kreslo-tilar-textile-grafit
Кресло Тилар Textile Yellow,22990,8%,https://www.divan.ruhttps://www.divan.ru/sankt-peterburg/product/kreslo-tilar-textile-yellow
Кресло Тилар Textile Plum,22990,8%,https://www.divan.ruhttps://www.divan.ru/sankt-peterburg/product/kreslo-tilar-textile-plum
Кресло Пайл Barhat Beige,23990,8%,https://www.divan.ruhttps://www.divan.ru/sankt-peterburg/product/kreslo-pajl-barhat-beige
Кресло Пайл Textile Ginger,25990,10%,https://www.divan.ruhttps://www.divan.ru/sankt-peterburg/product/kreslo-pajl-textile-ginger
Кресло Пайл Textile Grafit,25990,10%,https://www.divan.ruhttps://www.divan.ru/sankt-peterburg/product/kreslo-pajl-textile-grafit
Кресло Пайл Barhat Forest,23990,8%,https://www.divan.ruhttps://www.divan.ru/sankt-peterburg/product/kreslo-pajl-barhat-forest
Кресло Пайл Barhat Olive,23990,8%,https://www.divan.ruhttps://www.divan.ru/sankt-peterburg/product/kreslo-pajl-barhat-olive
Кресло Пайл Bucle Smoky,25990,10%,https://www.divan.ruhttps://www.divan.ru/sankt-peterburg/product/kreslo-pajl-bucle-smoky
Кресло Пайл Cozy Milk,23990,8%,https://www.divan.ruhttps://www.divan.ru/sankt-peterburg/product/kreslo-pajl-cozy-milk
Кресло-кровать Види Textile Yellow,21990,29%,https://www.divan.ruhttps://www.divan.ru/sankt-peterburg/product/kreslo-krovat-vidi-textile-yellow
Кресло-кровать Види Textile Navy Blue,21990,29%,https://www.divan.ruhttps://www.divan.ru/sankt-peterburg/product/kreslo-krovat-vidi-textile-navy-blue
Кресло-кровать Види Textile Light,21990,29%,https://www.divan.ruhttps://www.divan.ru/sankt-peterburg/product/kreslo-krovat-vidi-textile-light
Кресло-кровать Види Textile Ocean,21990,29%,https://www.divan.ruhttps://www.divan.ru/sankt-peterburg/product/kreslo-krovat-vidi-textile-ocean
Кресло-кровать Види Textile Coral,21990,29%,https://www.divan.ruhttps://www.divan.ru/sankt-peterburg/product/kreslo-krovat-vidi-textile-coral
Кресло-кровать Види Textile Grey,21990,29%,https://www.divan.ruhttps://www.divan.ru/sankt-peterburg/product/kreslo-krovat-vidi-textile-grey
Кресло Ансил Barhat Olive,22990,8%,https://www.divan.ruhttps://www.divan.ru/sankt-peterburg/product/kreslo-ansil-barhat-olive
Кресло Ансил Bucle Marble,26990,13%,https://www.divan.ruhttps://www.divan.ru/sankt-peterburg/product/kreslo-ansil-bucle-marble
Кресло Ансил Barhat Beige,22990,8%,https://www.divan.ruhttps://www.divan.ru/sankt-peterburg/product/kreslo-ansil-barhat-beige
Кресло Ансил Bucle Milk,30990,6%,https://www.divan.ruhttps://www.divan.ru/sankt-peterburg/product/kreslo-ansil-bucle-milk
Кресло Ансил Bucle Storm,26990,13%,https://www.divan.ruhttps://www.divan.ru/sankt-peterburg/product/kreslo-ansil-bucle-storm
Кресло Ансил Soft Mint,28990,6%,https://www.divan.ruhttps://www.divan.ru/sankt-peterburg/product/kreslo-ansil-soft-mint
Кресло Ансил Soft Red,28990,6%,https://www.divan.ruhttps://www.divan.ru/sankt-peterburg/product/kreslo-ansil-soft-red
Кресло Дженкс Textile Coral,20990,9%,https://www.divan.ruhttps://www.divan.ru/sankt-peterburg/product/kreslo-djenks-textile-coral
Кресло Дженкс Textile Grafit,20990,9%,https://www.divan.ruhttps://www.divan.ru/sankt-peterburg/product/kreslo-djenks-textile-grafit
Кресло Дженкс Textile Light,20990,9%,https://www.divan.ruhttps://www.divan.ru/sankt-peterburg/product/kreslo-djenks-textile-light
Кресло Дженкс Textile Blue,20990,9%,https://www.divan.ruhttps://www.divan.ru/sankt-peterburg/product/kreslo-djenks-textile-blue
Кресло Дженкс Textile Silver,19990,13%,https://www.divan.ruhttps://www.divan.ru/sankt-peterburg/product/kreslo-djenks-textile-silver
Кресло Дженкс Textile Yellow,20990,9%,https://www.divan.ruhttps://www.divan.ru/sankt-peterburg/product/kreslo-djenks-textile-yellow
Кресло Дженкс Happy Emerald,20990,9%,https://www.divan.ruhttps://www.divan.ru/sankt-peterburg/product/kreslo-djenks-happy-emerald
Кресло-кровать Кейсес Velvet Grey,22990,8%,https://www.divan.ruhttps://www.divan.ru/sankt-peterburg/product/kreslo-krovat-kejses-velvet-grey
Кресло-кровать Кейсес Velvet Pink,22990,8%,https://www.divan.ruhttps://www.divan.ru/sankt-peterburg/product/kreslo-krovat-kejses-velvet-pink
Кресло-кровать Кейсес Velvet Latte,22990,8%,https://www.divan.ruhttps://www.divan.ru/sankt-peterburg/product/kreslo-krovat-kejses-velvet-latte
Кресло-кровать Кейсес Velvet Yellow,22990,8%,https://www.divan.ruhttps://www.divan.ru/sankt-peterburg/product/kreslo-krovat-kejses-velvet-yellow
Кресло-кровать Кейсес Velvet Grafit,22990,8%,https://www.divan.ruhttps://www.divan.ru/sankt-peterburg/product/kreslo-krovat-kejses-velvet-grafit
Кресло-кровать Кейсес Velvet Navy Blue,22990,8%,https://www.divan.ruhttps://www.divan.ru/sankt-peterburg/product/kreslo-krovat-kejses-velvet-navy-blue
Кресло-кровать Кейсес Velvet Olive,22990,8%,https://www.divan.ruhttps://www.divan.ru/sankt-peterburg/product/kreslo-krovat-kejses-velvet-olive
Кресло поворотное Мэник Textile Latte,32990,6%,https://www.divan.ruhttps://www.divan.ru/sankt-peterburg/product/kreslo-povorotnoe-menik-textile-latte
Кресло поворотное Мэник Textile Silver,32990,6%,https://www.divan.ruhttps://www.divan.ru/sankt-peterburg/product/kreslo-povorotnoe-menik-textile-silver
Кресло поворотное Мэник Textile Yellow,32990,6%,https://www.divan.ruhttps://www.divan.ru/sankt-peterburg/product/kreslo-povorotnoe-menik-textile-yellow
Кресло поворотное Мэник Textile Grass,32990,6%,https://www.divan.ruhttps://www.divan.ru/sankt-peterburg/product/kreslo-povorotnoe-menik-textile-grass
Кресло поворотное Мэник Cozy Milk,32990,6%,https://www.divan.ruhttps://www.divan.ru/sankt-peterburg/product/kreslo-povorotnoe-menik-cozy-milk
Кресло поворотное Мэник Textile Grafit,32990,6%,https://www.divan.ruhttps://www.divan.ru/sankt-peterburg/product/kreslo-povorotnoe-menik-textile-grafit
Кресло поворотное Мэник Textile Blue,32990,6%,https://www.divan.ruhttps://www.divan.ru/sankt-peterburg/product/kreslo-povorotnoe-menik-textile-blue
Кресло Роттердам Velvet Blue,18990,27%,https://www.divan.ruhttps://www.divan.ru/sankt-peterburg/product/kreslo-rotterdam-velvet-blue
Кресло Роттердам Velvet Yellow,18990,27%,https://www.divan.ruhttps://www.divan.ru/sankt-peterburg/product/kreslo-rotterdam-velvet-yellow-new
Кресло Роттердам Velvet Violet,18990,27%,https://www.divan.ruhttps://www.divan.ru/sankt-peterburg/product/kreslo-rotterdam-velvet-violet
Кресло Роттердам Cozy Milk,19990,9%,https://www.divan.ruhttps://www.divan.ru/sankt-peterburg/product/kreslo-rotterdam-cozy-milk
Кресло Роттердам Velvet Olive,18990,27%,https://www.divan.ruhttps://www.divan.ru/sankt-peterburg/product/kreslo-rotterdam-velvet-olive
Кресло Роттердам Velvet Silver,18990,27%,https://www.divan.ruhttps://www.divan.ru/sankt-peterburg/product/kreslo-rotterdam-velvet-silver
